1,1521039662,192.168.0.1,igmp.mcast.net,5,IGMP
2,1521039663,192.168.0.2,239.255.255.250,1,IGMP
3,1521039666,192.168.0.2,192.168.10.1,2,UDP
4,1521039669,192.168.10.2,192.168.0.8,20,DNS
5,1521039671,192.168.10.2,192.168.0.8,1,TCP
6,1521039673,192.168.0.1,192.168.0.2,1,TCP
7,1521039674,192.168.0.2,192.168.0.1,1,TCP
8,1521039675,192.168.0.1,192.168.0.2,5,DNS
9,1521039676,192.168.0.2,192.168.10.8,2,DNS
10,1521288435,192.168.140.9,245.203.172.182,10,IGMP
11,1521302384,192.168.32.83,204.121.144.117,7,IGMP
12,1521216090,192.168.75.49,67.170.134.59,22,TCP
13,1521214908,192.168.39.11,90.94.7.34,5,IGMP
14,1521489540,192.168.89.234,70.156.121.43,18,TCP
15,1521533114,192.168.205.147,11.106.118.244,13,DNS
16,1521043484,192.168.11.190,39.101.126.254,15,DNS
17,1521381683,192.168.174.136,173.42.124.78,22,UDP
18,1521080806,192.168.71.92,218.169.71.40,17,IGMP
19,1521200425,192.168.94.15,187.240.226.17,6,TCP
20,1521584512,192.168.195.245,184.51.91.55,10,DNS
21,1521493468,192.168.198.204,133.244.183.250,25,TCP
22,1521432993,192.168.195.84,164.2.119.240,18,UDP
23,1521503447,192.168.95.61,111.0.229.13,5,UDP
24,1521520799,192.168.195.54,163.82.110.233,22,IGMP
25,1521505838,192.168.164.78,161.217.120.90,3,DNS
26,1521086474,192.168.255.195,176.205.39.101,24,IGMP
27,1521521564,192.168.217.25,58.232.207.186,3,DNS
28,1521264772,192.168.20.120,217.243.206.68,24,TCP
29,1521440213,192.168.21.85,142.229.243.20,19,TCP
30,1521489380,192.168.112.248,75.13.101.46,6,TCP
31,1521085873,192.168.97.40,210.58.17.60,15,DNS
32,1521060686,192.168.41.236,186.113.244.228,11,TCP
33,1521202007,192.168.117.174,247.191.39.178,22,UDP
34,1521425557,192.168.84.133,177.131.253.78,21,IGMP
35,1521067107,192.168.244.133,108.98.165.103,10,TCP
36,1521610956,192.168.216.254,17.118.97.43,20,TCP
37,1521131501,192.168.39.63,250.59.190.96,15,DNS
38,1521636420,192.168.170.215,208.193.137.244,6,UDP
39,1521516306,192.168.219.239,155.4.150.225,6,DNS
40,1521437060,192.168.251.244,35.12.82.240,17,UDP
41,1521489988,192.168.6.99,110.59.236.216,11,TCP
42,1521075632,192.168.91.229,53.167.200.228,4,DNS
43,1521321933,192.168.36.42,8.106.168.107,12,UDP
44,1521193123,192.168.30.121,200.211.186.167,23,DNS
45,1521098211,192.168.164.121,104.24.222.117,6,UDP
46,1521596393,192.168.58.46,93.218.129.84,25,TCP
47,1521365789,192.168.81.197,59.150.108.233,7,UDP
48,1521194247,192.168.153.173,106.238.182.90,17,DNS
49,1521535162,192.168.163.169,217.181.152.106,13,TCP
50,1521630171,192.168.124.24,244.90.142.141,17,TCP
51,1521127512,192.168.65.34,14.77.214.4,16,DNS
52,1521178120,192.168.246.34,182.187.197.107,22,IGMP
53,1521611078,192.168.122.20,91.153.161.121,4,IGMP
54,1521617375,192.168.135.116,73.36.208.218,15,DNS
55,1521108186,192.168.35.102,50.176.126.129,12,IGMP
56,1521414441,192.168.23.175,190.194.199.15,23,IGMP
57,1521303148,192.168.248.108,72.6.234.92,3,IGMP
58,1521418148,192.168.249.226,207.66.248.181,19,IGMP
59,1521513329,192.168.234.30,147.183.28.110,24,DNS
60,1521605876,192.168.10.52,146.59.53.179,14,TCP
61,1521189614,192.168.115.36,200.67.82.160,18,TCP
62,1521071836,192.168.83.244,13.32.148.3,25,DNS
63,1521204279,192.168.83.93,196.6.63.140,4,TCP
64,1521206973,192.168.36.170,220.235.7.64,25,IGMP
65,1521089381,192.168.25.21,47.108.164.93,25,DNS
66,1521063704,192.168.137.76,215.245.215.231,11,IGMP
67,1521062916,192.168.71.168,64.169.195.6,18,IGMP
68,1521156008,192.168.134.196,78.14.151.41,21,IGMP
69,1521133385,192.168.44.49,2.33.250.98,10,UDP
70,1521386110,192.168.1.191,248.140.33.131,10,DNS
71,1521154808,192.168.3.255,43.148.178.168,10,IGMP
72,1521262270,192.168.58.158,255.195.95.100,1,DNS
73,1521383226,192.168.45.243,175.20.24.66,22,IGMP
74,1521199686,192.168.72.35,53.109.146.97,13,DNS
75,1521099432,192.168.38.61,169.196.6.249,2,TCP
76,1521051294,192.168.73.252,64.44.243.65,6,DNS
77,1521435393,192.168.211.203,75.176.6.126,7,IGMP
78,1521212914,192.168.19.30,137.198.53.108,2,IGMP
79,1521166339,192.168.115.85,142.109.192.197,16,DNS
80,1521331850,192.168.242.84,204.103.217.48,23,TCP
81,1521378900,192.168.66.88,52.254.148.80,15,DNS
82,1521266974,192.168.226.196,250.245.18.37,13,DNS
83,1521583757,192.168.176.100,154.249.75.92,2,IGMP
84,1521233446,192.168.96.60,44.131.37.189,24,TCP
85,1521608501,192.168.139.207,178.144.136.10,6,DNS
86,1521441532,192.168.135.70,132.25.50.55,25,TCP
87,1521578164,192.168.108.60,149.227.113.209,6,TCP
88,1521111955,192.168.15.97,254.231.31.228,16,DNS
89,1521116937,192.168.13.93,171.51.179.69,3,IGMP
90,1521221422,192.168.226.132,51.41.205.132,9,TCP
91,1521484964,192.168.169.187,218.214.220.17,17,DNS
92,1521077648,192.168.170.214,215.236.213.122,14,TCP
93,1521307546,192.168.108.166,71.24.240.62,3,TCP
94,1521059820,192.168.178.231,229.84.7.157,23,IGMP
95,1521211190,192.168.66.50,202.231.104.36,25,UDP
96,1521576885,192.168.216.34,226.132.213.223,24,UDP
97,1521571178,192.168.229.232,63.30.27.65,25,IGMP
98,1521462529,192.168.183.251,62.30.232.225,4,DNS
99,1521290096,192.168.191.222,199.247.163.182,9,TCP
100,1521148895,192.168.81.242,23.165.68.199,1,DNS
101,1521566231,192.168.33.15,11.137.246.8,7,DNS
102,1521259448,192.168.55.232,201.3.15.145,1,TCP
103,1521182524,192.168.35.22,23.235.183.22,8,UDP
104,1521103719,192.168.201.11,110.244.178.101,19,TCP
105,1521443818,192.168.66.116,102.127.58.235,17,DNS
106,1521387810,192.168.237.21,138.80.223.6,19,DNS
107,1521139834,192.168.132.140,219.91.199.197,20,TCP
108,1521565716,192.168.102.223,235.193.11.110,4,DNS
109,1521123548,192.168.190.171,205.145.69.32,1,DNS
110,1521545939,192.168.17.122,28.66.151.172,6,UDP
111,1521569454,192.168.203.6,33.22.3.39,24,TCP
112,1521633493,192.168.242.199,218.197.162.38,20,IGMP
113,1521510242,192.168.205.24,199.135.189.46,24,DNS
114,1521390299,192.168.237.85,160.17.235.110,10,UDP
115,1521049672,192.168.165.215,225.226.89.126,9,UDP
116,1521064490,192.168.115.120,109.19.29.63,8,UDP
117,1521227146,192.168.52.187,145.10.55.120,24,UDP
118,1521437555,192.168.252.54,68.140.30.43,20,UDP
119,1521481173,192.168.214.121,51.246.207.34,11,IGMP
120,1521474057,192.168.251.121,151.151.14.85,4,IGMP
121,1521271903,192.168.172.248,198.103.190.177,6,IGMP
122,1521167133,192.168.158.68,135.63.60.228,7,UDP
123,1521298457,192.168.127.235,234.120.153.194,19,DNS
124,1521425364,192.168.123.140,160.7.225.142,4,IGMP
125,1521252724,192.168.9.159,175.234.1.43,1,DNS
126,1521245477,192.168.228.168,58.102.187.229,13,IGMP
127,1521195655,192.168.77.64,120.75.214.0,7,DNS
128,1521523173,192.168.34.111,29.219.30.201,16,UDP
129,1521512242,192.168.161.204,215.250.73.151,4,IGMP
130,1521297101,192.168.42.13,250.154.142.206,7,TCP
131,1521534538,192.168.151.60,7.163.99.58,16,DNS
132,1521060655,192.168.137.29,179.213.186.67,4,IGMP
133,1521570476,192.168.196.238,123.175.192.235,21,UDP
134,1521285016,192.168.156.96,25.221.159.187,3,DNS
135,1521595626,192.168.138.67,113.73.236.197,20,TCP
136,1521575543,192.168.62.37,116.23.248.107,1,DNS
137,1521525201,192.168.219.222,153.182.179.94,11,UDP
138,1521235592,192.168.61.55,5.24.185.163,18,DNS
139,1521625988,192.168.53.74,49.20.115.77,16,IGMP
140,1521092147,192.168.39.177,227.73.222.230,17,DNS
141,1521642135,192.168.72.167,154.105.34.109,13,TCP
142,1521222075,192.168.52.86,77.194.43.142,15,DNS
143,1521258070,192.168.149.84,60.210.134.243,18,IGMP
144,1521299687,192.168.50.38,28.92.163.132,4,IGMP
145,1521623615,192.168.39.73,138.48.2.36,8,TCP
146,1521232130,192.168.91.15,57.103.69.205,24,TCP
147,1521556933,192.168.185.180,140.206.28.103,7,TCP
148,1521622358,192.168.92.244,40.187.181.201,7,UDP
149,1521514638,192.168.21.117,208.88.161.234,1,TCP
150,1521275119,192.168.92.123,11.171.40.120,21,IGMP
151,1521382844,192.168.58.29,193.139.54.234,19,UDP
152,1521502895,192.168.236.173,210.60.4.40,4,DNS
153,1521579056,192.168.152.118,168.103.126.131,23,IGMP
154,1521642942,192.168.186.200,42.97.200.126,5,DNS
155,1521327759,192.168.39.12,227.101.255.57,25,IGMP
156,1521199078,192.168.166.245,45.40.74.35,2,IGMP
157,1521039813,192.168.8.30,52.166.62.53,24,DNS
158,1521211577,192.168.118.236,62.156.48.165,18,IGMP
159,1521401366,192.168.217.217,57.218.167.253,23,TCP
160,1521354616,192.168.248.146,26.107.100.154,16,DNS
161,1521506010,192.168.101.141,140.66.211.78,21,IGMP
162,1521328520,192.168.32.180,214.20.190.181,16,IGMP
163,1521324107,192.168.167.134,216.43.88.137,9,UDP
164,1521508282,192.168.220.45,155.41.180.156,18,DNS
165,1521417595,192.168.60.233,108.167.137.113,2,TCP
166,1521063665,192.168.40.32,228.3.212.49,24,UDP
167,1521488338,192.168.177.63,178.62.196.126,22,UDP
168,1521177536,192.168.72.187,119.37.231.27,10,DNS
169,1521454379,192.168.118.18,151.147.160.75,12,IGMP
170,1521071725,192.168.236.34,52.151.5.87,21,DNS
171,1521453516,192.168.96.100,191.65.234.14,21,DNS
172,1521625660,192.168.179.164,5.255.29.155,14,TCP
173,1521625318,192.168.153.81,116.32.178.60,19,TCP
174,1521585777,192.168.5.70,217.19.75.117,21,UDP
175,1521502606,192.168.50.18,219.127.207.131,5,UDP
176,1521312250,192.168.26.210,86.13.202.217,16,UDP
177,1521259082,192.168.122.0,36.155.216.185,25,IGMP
178,1521612914,192.168.187.201,163.30.222.206,9,UDP
179,1521304548,192.168.72.131,202.194.50.249,18,TCP
180,1521052951,192.168.6.81,1.89.29.251,19,UDP
181,1521268368,192.168.210.27,1.71.127.39,21,IGMP
182,1521442759,192.168.89.64,18.25.63.82,14,DNS
183,1521415473,192.168.160.36,88.88.132.212,24,UDP
184,1521551514,192.168.3.158,224.81.166.224,8,IGMP
185,1521265207,192.168.238.4,182.67.95.149,16,TCP
186,1521374700,192.168.52.255,30.222.249.69,7,DNS
187,1521142326,192.168.49.246,83.129.247.133,9,DNS
188,1521262137,192.168.13.166,0.60.217.241,10,TCP
189,1521324545,192.168.152.135,108.187.9.219,21,UDP
190,1521216362,192.168.72.125,154.140.98.47,5,DNS
191,1521359894,192.168.134.234,56.195.199.238,7,IGMP
192,1521439646,192.168.4.70,22.244.216.49,23,TCP
193,1521183764,192.168.155.41,230.61.208.83,14,IGMP
194,1521114562,192.168.232.136,97.188.139.66,24,DNS
195,1521317975,192.168.39.179,142.17.6.147,7,DNS
196,1521544441,192.168.40.148,197.180.117.20,3,TCP
197,1521253333,192.168.85.27,28.166.21.108,19,IGMP
198,1521487666,192.168.138.203,75.78.30.54,12,TCP
199,1521216094,192.168.237.32,173.198.254.31,8,DNS
200,1521101551,192.168.58.221,176.217.70.118,13,TCP
201,1521049871,192.168.43.195,61.186.217.52,3,UDP
202,1521453234,192.168.152.168,68.205.44.119,5,UDP
203,1521249994,192.168.45.40,61.233.246.17,4,DNS
204,1521073962,192.168.77.155,42.193.159.186,3,DNS
205,1521390116,192.168.20.41,41.37.0.42,13,UDP
206,1521379587,192.168.187.50,65.118.53.125,18,TCP
207,1521573510,192.168.120.244,30.123.126.240,10,DNS
208,1521376542,192.168.30.200,184.254.139.13,11,IGMP
209,1521605566,192.168.181.47,143.210.128.22,2,IGMP
210,1521089123,192.168.142.16,142.65.152.67,14,UDP
211,1521491701,192.168.131.148,190.64.1.142,5,DNS
212,1521604439,192.168.36.114,131.166.8.71,5,DNS
213,1521096811,192.168.247.30,156.251.33.205,18,UDP
214,1521040157,192.168.189.103,167.9.178.172,19,IGMP
215,1521495564,192.168.3.55,206.27.1.87,22,TCP
216,1521151702,192.168.123.88,66.216.124.203,7,DNS
217,1521147357,192.168.79.97,114.115.224.206,25,TCP
218,1521375992,192.168.116.143,212.196.63.184,11,UDP
219,1521512311,192.168.216.205,122.130.157.60,5,DNS
220,1521359579,192.168.14.129,173.67.226.16,21,IGMP
221,1521621740,192.168.187.50,180.111.156.213,24,DNS
222,1521571377,192.168.21.177,249.195.211.159,7,UDP
223,1521335531,192.168.237.240,118.143.22.158,18,TCP
224,1521232975,192.168.169.251,75.201.0.227,8,UDP
225,1521600607,192.168.150.203,87.216.158.16,4,UDP
226,1521588738,192.168.212.63,172.133.242.111,8,TCP
227,1521158130,192.168.125.86,206.29.72.222,15,UDP
228,1521243857,192.168.138.120,40.8.89.138,10,DNS
229,1521128249,192.168.44.29,38.105.3.106,22,DNS
230,1521244202,192.168.73.129,164.113.59.41,22,UDP
231,1521326948,192.168.214.214,176.74.7.71,25,TCP
232,1521087202,192.168.28.84,128.140.215.110,24,TCP
233,1521626863,192.168.88.106,105.150.138.113,8,IGMP
234,1521141934,192.168.108.32,42.61.135.174,23,UDP
235,1521472403,192.168.193.221,126.140.242.162,23,IGMP
236,1521400588,192.168.240.46,192.3.145.152,25,TCP
237,1521483370,192.168.209.112,5.9.174.67,2,UDP
238,1521594832,192.168.232.79,132.74.81.193,24,UDP
239,1521288680,192.168.66.71,147.176.149.236,25,TCP
240,1521191902,192.168.26.141,70.192.13.243,19,IGMP
241,1521549522,192.168.204.227,60.148.203.208,5,DNS
242,1521638307,192.168.243.48,106.124.92.87,2,UDP
243,1521078807,192.168.153.175,128.25.46.135,1,IGMP
244,1521090806,192.168.125.100,107.110.48.29,23,IGMP
245,1521198969,192.168.230.245,73.60.46.29,11,IGMP
246,1521167636,192.168.134.62,185.170.10.220,21,DNS
247,1521175226,192.168.221.11,141.76.175.217,5,DNS
248,1521447277,192.168.196.229,72.236.197.139,1,TCP
249,1521541371,192.168.3.226,35.10.199.145,17,TCP
250,1521142322,192.168.73.112,44.169.248.199,11,TCP
251,1521086695,192.168.35.179,142.226.143.51,11,IGMP
252,1521571804,192.168.3.35,71.228.252.37,7,UDP
253,1521490422,192.168.41.36,247.138.119.197,25,DNS
254,1521167773,192.168.57.250,67.166.162.237,17,DNS
255,1521124407,192.168.25.46,132.76.16.237,16,DNS
256,1521255493,192.168.32.254,86.44.194.57,20,TCP
257,1521443525,192.168.26.223,129.237.219.30,24,UDP
258,1521621291,192.168.97.155,143.146.152.62,8,TCP
259,1521181579,192.168.34.42,120.71.185.221,3,DNS
260,1521090379,192.168.45.190,137.185.44.175,12,IGMP
261,1521282637,192.168.44.249,23.115.31.245,7,UDP
262,1521585569,192.168.156.8,192.59.134.240,11,IGMP
263,1521255891,192.168.172.222,8.124.10.28,3,TCP
264,1521511221,192.168.189.231,18.122.54.212,3,IGMP
265,1521448808,192.168.226.214,100.25.20.60,15,DNS
266,1521469536,192.168.243.132,172.164.150.22,21,UDP
267,1521278701,192.168.125.173,196.212.198.31,4,UDP
268,1521449065,192.168.197.218,233.15.63.185,14,DNS
269,1521150796,192.168.234.6,201.242.190.193,23,TCP
270,1521297266,192.168.64.252,130.220.35.51,22,IGMP
271,1521446671,192.168.117.102,6.243.254.2,9,UDP
272,1521592284,192.168.67.38,69.61.169.113,22,DNS
273,1521502243,192.168.116.140,133.231.107.226,16,TCP
274,1521545010,192.168.51.218,131.78.228.83,24,IGMP
275,1521562231,192.168.35.212,196.243.246.3,2,IGMP
276,1521289131,192.168.61.222,126.109.250.85,10,TCP
277,1521633872,192.168.191.45,112.132.5.197,17,DNS
278,1521343783,192.168.234.9,60.228.93.88,14,IGMP
279,1521363853,192.168.32.220,113.53.135.32,23,IGMP
280,1521106086,192.168.146.223,219.157.50.155,1,DNS
281,1521090669,192.168.166.105,218.212.0.148,10,UDP
282,1521236514,192.168.188.46,55.141.212.115,19,IGMP
283,1521102377,192.168.9.11,225.148.57.86,24,UDP
284,1521506974,192.168.65.23,80.185.89.106,21,DNS
285,1521452156,192.168.32.124,49.194.131.58,13,DNS
286,1521401629,192.168.107.203,6.54.219.48,13,DNS
287,1521220114,192.168.220.78,23.131.137.36,5,UDP
288,1521198658,192.168.233.173,162.62.51.4,8,UDP
289,1521470089,192.168.97.128,124.178.95.36,25,IGMP
290,1521477675,192.168.255.57,232.36.173.255,7,IGMP
291,1521269680,192.168.254.197,3.198.174.196,6,DNS
292,1521413770,192.168.232.90,38.218.206.23,20,DNS
293,1521466415,192.168.16.205,173.90.45.42,20,IGMP
294,1521518110,192.168.96.248,111.82.118.157,2,UDP
295,1521173824,192.168.200.145,110.174.109.169,15,TCP
296,1521425285,192.168.43.87,129.237.190.170,3,IGMP
297,1521550675,192.168.23.36,8.231.30.23,1,TCP
298,1521121085,192.168.58.184,196.97.150.114,2,UDP
299,1521139734,192.168.240.168,15.189.126.190,19,TCP
300,1521481120,192.168.162.61,122.248.187.148,4,TCP
301,1521325420,192.168.156.250,180.253.50.182,25,DNS
302,1521174091,192.168.111.229,248.111.255.130,10,DNS
303,1521584670,192.168.142.124,58.115.24.84,25,IGMP
304,1521600341,192.168.105.50,101.37.28.85,18,UDP
305,1521334620,192.168.46.58,103.136.245.227,17,DNS
306,1521141221,192.168.8.224,83.198.128.193,19,DNS
307,1521116082,192.168.242.142,39.224.237.180,6,UDP
308,1521194057,192.168.72.80,128.29.40.50,20,DNS
309,1521529113,192.168.19.97,69.124.114.234,18,UDP
310,1521531552,192.168.217.26,46.215.246.142,4,IGMP
311,1521365305,192.168.206.120,136.10.186.101,22,UDP
312,1521156777,192.168.83.152,144.40.100.53,1,IGMP
313,1521518509,192.168.33.74,211.56.78.64,8,TCP
314,1521207072,192.168.27.190,157.169.110.144,6,UDP
315,1521511867,192.168.103.1,77.237.192.247,8,DNS
316,1521289805,192.168.219.143,227.37.97.251,25,IGMP
317,1521165040,192.168.164.85,160.228.157.139,7,UDP
318,1521197585,192.168.149.130,7.140.167.132,4,UDP
319,1521540278,192.168.14.125,167.254.129.55,18,TCP
320,1521272838,192.168.145.193,148.181.0.147,19,TCP
321,1521319820,192.168.159.199,111.117.27.207,9,DNS
322,1521095657,192.168.204.199,27.120.238.192,13,TCP
323,1521259313,192.168.151.52,144.41.71.69,25,UDP
324,1521158802,192.168.202.219,142.122.229.143,2,IGMP
325,1521581692,192.168.15.164,76.9.203.134,4,UDP
326,1521351872,192.168.212.48,149.83.126.113,2,TCP
327,1521198536,192.168.99.121,14.31.70.14,24,UDP
328,1521323774,192.168.219.176,197.39.154.248,14,IGMP
329,1521627204,192.168.151.131,145.59.109.180,1,TCP
330,1521310319,192.168.45.21,238.241.5.170,18,DNS
331,1521538293,192.168.235.116,142.141.45.82,9,TCP
332,1521302544,192.168.15.103,110.131.109.192,8,TCP
333,1521289589,192.168.91.201,124.3.2.59,17,UDP
334,1521617621,192.168.243.155,191.151.127.176,7,IGMP
335,1521354098,192.168.155.139,115.109.127.250,22,UDP
336,1521105393,192.168.203.176,147.231.209.58,16,UDP
337,1521327490,192.168.21.158,234.5.32.33,5,UDP
338,1521221612,192.168.198.142,186.200.189.25,21,DNS
339,1521629693,192.168.93.80,191.166.246.2,19,TCP
340,1521624782,192.168.176.114,224.33.125.26,7,DNS
341,1521474507,192.168.78.96,231.138.159.6,13,IGMP
342,1521468276,192.168.27.13,135.9.51.52,7,IGMP
343,1521432814,192.168.42.115,169.9.242.14,4,TCP
344,1521305335,192.168.103.129,83.59.166.103,20,UDP
345,1521573195,192.168.160.42,49.238.203.42,14,IGMP
346,1521520057,192.168.85.227,207.49.13.179,18,TCP
347,1521313759,192.168.251.234,240.126.9.8,21,UDP
348,1521153937,192.168.91.221,196.165.50.39,16,DNS
349,1521546908,192.168.143.150,64.177.250.2,9,TCP
350,1521083166,192.168.171.26,195.220.214.161,3,IGMP
351,1521615630,192.168.93.31,240.107.138.73,2,IGMP
352,1521400421,192.168.99.42,249.213.165.150,10,DNS
353,1521537644,192.168.229.41,133.167.159.166,8,DNS
354,1521159287,192.168.192.201,43.51.129.228,1,IGMP
355,1521299164,192.168.251.210,49.80.102.141,24,DNS
356,1521350354,192.168.137.41,0.204.118.142,1,DNS
357,1521189104,192.168.195.254,139.250.107.51,16,DNS
358,1521626602,192.168.185.27,216.126.42.5,24,UDP
359,1521621816,192.168.104.165,197.96.24.116,17,TCP
360,1521053418,192.168.255.134,25.222.112.1,21,IGMP
361,1521443862,192.168.163.221,31.97.113.155,25,IGMP
362,1521249467,192.168.63.27,69.8.161.64,11,UDP
363,1521162546,192.168.64.90,255.252.67.165,9,UDP
364,1521539086,192.168.69.187,4.160.227.26,24,DNS
365,1521375740,192.168.192.27,123.243.139.11,11,UDP
366,1521396069,192.168.52.33,75.4.168.107,15,DNS
367,1521127917,192.168.236.154,36.65.134.168,12,TCP
368,1521040462,192.168.191.8,124.58.180.53,22,DNS
369,1521497234,192.168.168.146,0.164.187.178,18,DNS
370,1521488010,192.168.63.193,127.214.158.211,2,TCP
371,1521266377,192.168.252.164,74.199.103.176,20,DNS
372,1521217952,192.168.13.30,72.254.246.119,24,DNS
373,1521429890,192.168.69.90,97.55.176.45,21,IGMP
374,1521496643,192.168.212.90,213.101.39.42,7,TCP
375,1521300146,192.168.71.37,161.101.31.168,10,IGMP
376,1521169252,192.168.108.126,121.250.100.135,4,UDP
377,1521308961,192.168.113.0,114.44.248.26,10,UDP
378,1521240131,192.168.4.245,208.72.41.26,24,DNS
379,1521238120,192.168.161.3,132.131.81.237,19,DNS
380,1521304197,192.168.230.250,85.200.0.188,16,TCP
381,1521094812,192.168.137.31,163.68.216.154,8,TCP
382,1521479758,192.168.222.178,63.173.9.148,21,TCP
383,1521337500,192.168.91.185,113.102.133.219,8,DNS
384,1521605944,192.168.82.164,34.189.130.134,1,UDP
385,1521364245,192.168.70.55,133.85.142.29,13,IGMP
386,1521260768,192.168.103.240,132.44.179.82,18,UDP
387,1521523873,192.168.11.182,160.74.4.111,23,TCP
388,1521325250,192.168.55.216,207.116.173.188,1,TCP
389,1521513455,192.168.52.166,106.212.58.140,11,TCP
390,1521040019,192.168.95.99,189.74.27.99,6,DNS
391,1521539446,192.168.162.23,12.166.57.207,8,UDP
392,1521496472,192.168.82.49,91.227.198.76,21,IGMP
393,1521127552,192.168.246.135,56.68.185.72,23,DNS
394,1521396953,192.168.139.65,122.122.136.38,16,DNS
395,1521459855,192.168.245.162,94.184.16.200,19,TCP
396,1521318488,192.168.190.60,213.121.168.73,20,TCP
397,1521546864,192.168.101.38,216.160.41.66,8,UDP
398,1521118145,192.168.34.112,193.210.185.167,21,TCP
399,1521575144,192.168.25.78,241.51.47.84,22,DNS
400,1521451262,192.168.225.170,209.200.33.89,11,TCP
401,1521602639,192.168.33.97,125.90.36.0,17,TCP
402,1521083987,192.168.23.228,71.129.114.61,10,DNS
403,1521395469,192.168.15.187,36.85.29.208,2,IGMP
404,1521335144,192.168.7.147,146.168.156.249,6,UDP
405,1521576154,192.168.123.253,11.88.57.201,22,UDP
406,1521197507,192.168.42.187,240.178.134.243,7,DNS
407,1521087294,192.168.78.182,97.236.17.19,21,IGMP
408,1521180380,192.168.141.139,4.82.146.14,18,DNS
409,1521543685,192.168.98.182,244.132.154.129,9,TCP
410,1521502915,192.168.39.248,186.60.145.46,2,DNS
411,1521050273,192.168.233.57,98.114.113.238,20,IGMP
412,1521040158,192.168.162.123,158.17.134.153,15,UDP
413,1521392451,192.168.72.214,210.153.202.211,10,TCP
414,1521112099,192.168.91.62,145.136.250.44,14,UDP
415,1521095842,192.168.200.241,208.221.182.147,25,UDP
416,1521285581,192.168.65.48,154.64.175.57,3,UDP
417,1521602805,192.168.49.218,9.170.153.205,17,TCP
418,1521200748,192.168.61.61,246.54.253.34,19,TCP
419,1521499537,192.168.125.149,130.228.85.113,4,UDP
420,1521448862,192.168.182.46,114.165.160.107,25,TCP
421,1521412762,192.168.217.145,45.191.66.41,21,TCP
422,1521159020,192.168.57.157,222.68.197.220,15,IGMP
423,1521641566,192.168.203.224,82.91.87.104,13,TCP
424,1521221910,192.168.25.56,58.144.178.143,10,DNS
425,1521551454,192.168.178.57,14.54.125.245,22,DNS
426,1521091423,192.168.60.148,160.43.36.227,18,UDP
427,1521637997,192.168.210.196,195.4.73.16,18,TCP
428,1521104696,192.168.30.0,39.183.205.143,5,TCP
429,1521524224,192.168.142.220,91.124.250.228,22,IGMP
430,1521391624,192.168.231.89,223.102.135.133,17,TCP
431,1521354882,192.168.118.6,221.106.225.163,17,TCP
432,1521044206,192.168.19.99,80.135.251.194,22,TCP
433,1521301991,192.168.205.94,255.216.202.88,23,DNS
434,1521526131,192.168.70.158,170.77.196.59,7,IGMP
435,1521058973,192.168.158.66,136.253.207.66,22,TCP
436,1521410645,192.168.141.1,251.100.97.64,6,TCP
437,1521252293,192.168.99.78,31.93.105.153,4,TCP
438,1521444792,192.168.9.82,53.194.118.77,15,UDP
439,1521624705,192.168.254.163,225.30.86.42,9,UDP
440,1521150349,192.168.215.253,105.235.18.77,21,TCP
441,1521569275,192.168.120.0,25.164.43.252,14,UDP
442,1521402325,192.168.6.233,121.74.45.186,25,UDP
443,1521415746,192.168.169.4,203.196.127.7,15,IGMP
444,1521477319,192.168.89.24,142.252.103.162,24,UDP
445,1521263750,192.168.130.40,75.202.254.174,14,DNS
446,1521194822,192.168.32.87,41.220.219.16,4,TCP
447,1521533877,192.168.225.147,186.193.88.123,6,TCP
448,1521591754,192.168.124.18,237.60.140.220,3,IGMP
449,1521416702,192.168.227.159,167.150.197.105,25,UDP
450,1521425371,192.168.161.148,233.54.13.74,11,IGMP
451,1521110047,192.168.55.202,4.29.71.252,9,UDP
452,1521397631,192.168.250.20,87.249.39.233,12,DNS
453,1521176706,192.168.49.34,183.123.217.146,22,DNS
454,1521491933,192.168.120.71,146.200.52.63,1,TCP
455,1521446533,192.168.238.82,248.180.204.13,22,IGMP
456,1521254078,192.168.241.172,70.72.233.106,9,IGMP
457,1521516593,192.168.148.138,54.239.92.108,25,UDP
458,1521126511,192.168.38.238,179.151.61.219,25,UDP
459,1521156495,192.168.63.176,222.153.239.134,19,DNS
460,1521557347,192.168.249.215,179.203.229.181,5,IGMP
461,1521385060,192.168.52.159,232.158.190.54,24,TCP
462,1521554714,192.168.192.163,225.9.168.168,10,DNS
463,1521272208,192.168.82.168,136.118.240.13,4,UDP
464,1521176391,192.168.132.90,193.37.93.109,11,UDP
465,1521150285,192.168.20.41,54.34.2.172,10,TCP
466,1521121048,192.168.213.40,134.221.14.129,4,UDP
467,1521422099,192.168.42.196,214.119.143.113,22,IGMP
468,1521607455,192.168.240.59,188.14.232.82,7,IGMP
469,1521394396,192.168.173.29,174.190.235.118,14,UDP
470,1521557650,192.168.177.31,190.128.148.195,18,DNS
471,1521293431,192.168.221.222,224.112.250.170,5,UDP
472,1521171686,192.168.108.113,189.156.166.17,20,DNS
473,1521402150,192.168.111.117,200.183.243.201,19,TCP
474,1521635150,192.168.27.28,172.242.26.109,15,UDP
475,1521535906,192.168.202.164,130.65.193.155,2,IGMP
476,1521041515,192.168.96.21,125.64.239.86,3,TCP
477,1521102035,192.168.183.162,118.152.42.134,9,DNS
478,1521418357,192.168.49.98,177.180.202.198,11,TCP
479,1521318091,192.168.120.10,20.197.223.91,5,IGMP
480,1521305498,192.168.186.46,232.147.17.63,18,UDP
481,1521594167,192.168.32.15,142.161.142.25,15,IGMP
482,1521445638,192.168.156.174,233.79.9.105,17,UDP
483,1521055873,192.168.73.191,112.219.34.83,7,UDP
484,1521477617,192.168.29.123,9.202.111.30,17,IGMP
485,1521160688,192.168.97.250,18.3.47.92,24,UDP
486,1521540666,192.168.23.129,70.120.133.18,4,UDP
487,1521618389,192.168.121.170,135.129.97.230,18,DNS
488,1521128663,192.168.168.115,246.146.32.92,5,TCP
489,1521328611,192.168.92.240,103.194.9.194,3,IGMP
490,1521391103,192.168.123.193,110.194.69.89,18,DNS
491,1521424612,192.168.145.23,246.230.254.157,11,DNS
492,1521553906,192.168.53.158,132.152.76.192,22,IGMP
493,1521201004,192.168.108.101,93.241.244.45,15,DNS
494,1521247232,192.168.165.182,188.200.180.88,9,UDP
495,1521204171,192.168.124.236,36.52.162.150,12,DNS
496,1521139827,192.168.163.108,232.222.170.220,7,DNS
497,1521201799,192.168.153.201,80.151.5.162,12,UDP
498,1521232793,192.168.177.15,229.36.135.151,8,UDP
499,1521045205,192.168.81.182,78.7.20.215,15,DNS
500,1521456956,192.168.59.70,9.241.134.167,9,DNS
501,1521335435,192.168.21.10,232.13.180.71,22,TCP
502,1521409209,192.168.42.199,204.50.150.239,20,UDP
503,1521250844,192.168.123.44,253.21.210.173,23,UDP
504,1521102090,192.168.5.18,231.90.92.35,24,DNS
505,1521185500,192.168.112.95,216.172.232.101,8,IGMP
506,1521350042,192.168.191.56,20.94.242.93,16,UDP
507,1521260561,192.168.16.207,73.111.245.26,24,DNS
508,1521244031,192.168.136.205,18.215.132.121,17,UDP
509,1521241740,192.168.27.9,158.186.154.124,9,TCP
510,1521454770,192.168.129.39,2.153.35.198,15,IGMP
511,1521362452,192.168.70.136,88.159.131.43,23,IGMP
512,1521274626,192.168.252.163,53.188.32.66,20,IGMP
513,1521555342,192.168.213.174,153.100.55.6,4,IGMP
514,1521527788,192.168.159.30,70.237.249.114,17,TCP
515,1521400053,192.168.78.136,120.28.123.217,3,UDP
516,1521110291,192.168.105.60,171.179.163.61,22,IGMP
517,1521165195,192.168.228.87,207.179.98.23,4,UDP
518,1521075446,192.168.132.156,60.148.17.133,22,TCP
519,1521508615,192.168.1.10,220.48.75.119,17,DNS
520,1521435758,192.168.223.140,101.87.99.33,7,TCP
521,1521103426,192.168.25.108,182.143.203.18,5,IGMP
522,1521292571,192.168.153.2,170.225.150.119,2,DNS
523,1521201096,192.168.246.132,182.205.162.168,12,IGMP
524,1521274473,192.168.18.200,170.52.245.142,8,DNS
525,1521145352,192.168.5.200,165.239.213.197,24,UDP
526,1521469759,192.168.198.88,22.1.204.67,20,TCP
527,1521542079,192.168.89.199,64.253.187.0,22,UDP
528,1521406748,192.168.137.74,87.226.60.243,10,TCP
529,1521297067,192.168.70.197,37.26.63.110,18,DNS
530,1521315841,192.168.102.40,24.37.89.29,10,DNS
531,1521238464,192.168.180.244,12.54.105.65,8,IGMP
532,1521190022,192.168.177.242,112.15.130.79,16,IGMP
533,1521399787,192.168.116.183,171.128.150.27,21,TCP
534,1521480294,192.168.241.208,122.39.245.190,4,DNS
535,1521374270,192.168.226.240,167.38.124.202,7,DNS
536,1521119859,192.168.253.93,140.233.147.100,18,IGMP
537,1521312033,192.168.5.179,213.123.162.181,10,TCP
538,1521422327,192.168.70.65,183.49.197.251,2,UDP
539,1521312726,192.168.55.81,1.98.54.175,17,IGMP
540,1521157819,192.168.234.195,47.205.222.98,2,DNS
541,1521455861,192.168.75.166,247.252.130.185,8,DNS
542,1521623114,192.168.101.57,59.241.252.179,24,IGMP
543,1521090758,192.168.193.160,198.255.223.23,12,DNS
544,1521568356,192.168.86.195,153.132.31.227,12,UDP
545,1521338012,192.168.17.227,15.97.219.197,15,TCP
546,1521046396,192.168.141.49,120.205.92.127,17,TCP
547,1521096453,192.168.218.214,200.157.155.90,11,DNS
548,1521317848,192.168.61.75,123.55.142.236,6,TCP
549,1521610166,192.168.101.114,250.154.218.84,22,TCP
550,1521103353,192.168.158.50,122.139.4.160,4,UDP
551,1521093585,192.168.216.87,142.183.74.235,24,TCP
552,1521608621,192.168.105.249,121.245.197.9,7,TCP
553,1521323916,192.168.236.246,82.199.83.253,17,TCP
554,1521446991,192.168.146.73,231.237.224.214,21,DNS
555,1521474088,192.168.161.148,50.78.69.132,1,TCP
556,1521521078,192.168.9.12,76.236.155.224,1,TCP
557,1521356457,192.168.255.66,32.251.248.34,12,TCP
558,1521304239,192.168.217.243,44.143.38.152,3,DNS
559,1521558174,192.168.161.142,7.99.88.106,1,UDP
560,1521158984,192.168.98.86,149.198.205.202,3,UDP
561,1521548829,192.168.6.77,199.204.21.126,3,UDP
562,1521477705,192.168.20.33,8.25.164.87,14,DNS
563,1521308680,192.168.70.98,179.72.5.194,6,IGMP
564,1521134161,192.168.62.9,107.109.135.0,6,IGMP
565,1521195812,192.168.68.23,118.91.20.74,13,DNS
566,1521492669,192.168.219.81,3.132.152.183,20,UDP
567,1521176561,192.168.19.2,129.244.80.147,5,UDP
568,1521611762,192.168.51.169,196.226.47.145,20,UDP
569,1521254298,192.168.104.187,15.112.205.120,10,IGMP
570,1521479602,192.168.249.141,181.171.18.113,25,UDP
571,1521341666,192.168.122.175,201.218.97.122,8,IGMP
572,1521166318,192.168.208.112,249.137.3.63,23,TCP
573,1521177808,192.168.46.136,7.85.54.253,8,DNS
574,1521522299,192.168.147.113,94.248.241.84,25,IGMP
575,1521264023,192.168.71.237,173.178.169.9,6,DNS
576,1521522439,192.168.246.45,247.74.237.122,19,UDP
577,1521125704,192.168.171.7,146.71.217.248,1,UDP
578,1521496762,192.168.184.27,119.27.164.212,22,IGMP
579,1521058769,192.168.70.171,183.138.191.38,8,UDP
580,1521159657,192.168.189.176,23.25.110.42,15,IGMP
581,1521299217,192.168.39.11,212.191.202.144,5,DNS
582,1521121024,192.168.225.218,145.226.182.1,25,IGMP
583,1521304005,192.168.152.214,17.132.254.243,19,TCP
584,1521240362,192.168.206.218,45.87.240.205,18,IGMP
585,1521090617,192.168.143.131,66.61.39.172,9,IGMP
586,1521600152,192.168.175.118,174.57.198.92,25,UDP
587,1521464472,192.168.225.244,115.62.79.57,12,UDP
588,1521459205,192.168.3.3,11.120.136.91,19,TCP
589,1521589851,192.168.186.145,61.184.107.245,12,DNS
590,1521609716,192.168.61.156,98.73.245.164,7,DNS
591,1521056450,192.168.124.167,11.195.176.211,7,DNS
592,1521431708,192.168.216.49,131.238.235.45,15,DNS
593,1521484701,192.168.231.203,70.97.91.68,13,DNS
594,1521067132,192.168.14.139,252.47.233.9,15,IGMP
595,1521349496,192.168.191.230,246.8.255.83,18,TCP
596,1521139672,192.168.97.37,80.67.28.56,11,DNS
597,1521481807,192.168.77.83,188.3.24.67,9,DNS
598,1521182508,192.168.161.215,72.140.236.211,21,UDP
599,1521417181,192.168.249.224,39.214.37.111,11,UDP
600,1521407684,192.168.123.73,155.149.187.6,22,DNS
601,1521619003,192.168.209.23,215.26.125.198,7,IGMP
602,1521480568,192.168.69.72,134.195.242.7,18,UDP
603,1521092581,192.168.160.81,177.15.3.4,10,UDP
604,1521608211,192.168.34.125,16.149.176.177,12,UDP
605,1521278797,192.168.148.116,163.38.92.170,10,UDP
606,1521208943,192.168.241.21,184.101.122.195,7,UDP
607,1521572459,192.168.128.146,28.154.173.214,21,TCP
608,1521152986,192.168.31.80,45.18.140.134,8,DNS
609,1521127406,192.168.217.139,75.240.72.234,16,IGMP
610,1521182779,192.168.179.84,215.150.133.22,15,DNS
611,1521501700,192.168.146.81,92.19.41.162,4,DNS
612,1521236516,192.168.147.163,199.43.113.24,25,TCP
613,1521585166,192.168.35.182,104.45.75.51,21,IGMP
614,1521465547,192.168.194.67,37.86.119.30,20,IGMP
615,1521629847,192.168.243.250,208.81.230.44,5,TCP
616,1521066310,192.168.216.176,207.44.126.222,19,IGMP
617,1521615365,192.168.245.199,43.99.212.89,1,IGMP
618,1521577021,192.168.94.55,244.206.16.35,21,TCP
619,1521137439,192.168.92.56,145.227.138.12,10,TCP
620,1521623412,192.168.94.102,231.116.137.62,9,IGMP
621,1521198152,192.168.47.2,128.127.185.176,6,UDP
622,1521499451,192.168.215.128,86.11.214.156,15,TCP
623,1521440579,192.168.9.113,147.97.10.217,14,TCP
624,1521545999,192.168.72.15,245.97.243.131,16,IGMP
625,1521508050,192.168.1.71,60.142.154.244,5,UDP
626,1521328465,192.168.196.33,12.82.3.68,11,TCP
627,1521212672,192.168.247.160,200.174.248.130,9,DNS
628,1521053155,192.168.52.231,246.24.52.74,6,UDP
629,1521471526,192.168.228.47,121.40.66.231,1,UDP
630,1521241901,192.168.74.170,204.0.85.24,14,UDP
631,1521596521,192.168.38.169,46.188.253.254,21,UDP
632,1521081630,192.168.89.122,156.15.238.89,12,UDP
633,1521091282,192.168.110.191,158.53.48.34,25,IGMP
634,1521619803,192.168.93.108,60.41.112.79,15,DNS
635,1521458616,192.168.89.159,156.232.132.242,1,IGMP
636,1521094990,192.168.84.59,125.160.197.101,12,DNS
637,1521053254,192.168.0.209,4.182.129.180,11,TCP
638,1521475686,192.168.153.182,201.213.216.143,21,DNS
639,1521171524,192.168.59.89,7.1.108.209,1,TCP
640,1521254941,192.168.203.197,22.179.91.149,1,DNS
641,1521525379,192.168.152.152,197.180.173.216,3,TCP
642,1521609815,192.168.131.121,216.247.13.22,9,IGMP
643,1521282750,192.168.179.255,82.72.224.125,3,UDP
644,1521212678,192.168.125.26,75.207.118.64,7,IGMP
645,1521447376,192.168.78.17,153.232.113.220,6,TCP
646,1521448894,192.168.142.199,216.156.87.74,23,IGMP
647,1521200102,192.168.76.234,95.72.227.205,20,TCP
648,1521406401,192.168.69.188,199.90.253.172,21,DNS
649,1521102370,192.168.100.171,0.237.69.240,19,TCP
650,1521525189,192.168.149.10,230.144.242.4,14,DNS
651,1521219256,192.168.207.170,51.254.183.144,3,DNS
652,1521328276,192.168.37.149,244.145.240.98,9,DNS
653,1521266083,192.168.241.179,211.210.61.157,14,DNS
654,1521217272,192.168.106.15,47.62.213.14,9,TCP
655,1521425115,192.168.200.238,123.251.111.84,23,UDP
656,1521211497,192.168.173.157,13.45.169.74,21,UDP
657,1521092079,192.168.176.142,47.200.87.226,6,DNS
658,1521537586,192.168.177.113,200.225.116.204,8,IGMP
659,1521581161,192.168.213.161,60.236.221.126,2,DNS
660,1521419556,192.168.21.220,206.10.224.197,25,IGMP
661,1521598286,192.168.211.122,120.166.30.72,4,DNS
662,1521464858,192.168.110.181,161.195.255.174,9,DNS
663,1521374911,192.168.193.137,221.228.151.141,22,DNS
664,1521124029,192.168.122.35,94.25.135.87,7,TCP
665,1521142425,192.168.103.35,132.6.35.124,7,DNS
666,1521468732,192.168.159.219,124.69.230.95,20,IGMP
667,1521102063,192.168.134.255,248.14.37.173,25,TCP
668,1521358646,192.168.30.56,109.189.53.138,23,IGMP
669,1521314143,192.168.90.113,251.235.188.150,10,UDP
670,1521194689,192.168.195.171,24.224.218.44,6,IGMP
671,1521622949,192.168.184.171,191.179.11.101,23,TCP
672,1521596022,192.168.77.196,148.93.51.201,9,UDP
673,1521167962,192.168.50.173,107.31.153.182,11,DNS
674,1521222689,192.168.226.133,197.61.78.112,19,UDP
675,1521153913,192.168.179.182,22.189.130.191,17,IGMP
676,1521201940,192.168.130.32,51.115.17.241,3,UDP
677,1521607644,192.168.212.67,231.79.162.41,23,IGMP
678,1521216266,192.168.199.156,151.35.196.114,12,DNS
679,1521530400,192.168.202.89,169.193.0.83,24,UDP
680,1521080890,192.168.0.149,27.217.183.231,24,DNS
681,1521246133,192.168.166.255,125.117.31.178,6,TCP
682,1521202618,192.168.22.140,168.182.230.79,4,TCP
683,1521603736,192.168.227.97,30.218.114.73,17,DNS
684,1521428349,192.168.102.189,181.200.139.240,8,TCP
685,1521497935,192.168.42.233,252.132.92.201,17,UDP
686,1521616238,192.168.195.211,48.69.158.54,4,UDP
687,1521088365,192.168.4.192,149.150.228.1,25,TCP
688,1521490285,192.168.198.122,65.115.172.16,17,UDP
689,1521398381,192.168.237.148,106.29.176.238,13,IGMP
690,1521214091,192.168.109.223,126.251.37.7,20,DNS
691,1521234531,192.168.214.221,0.194.17.206,1,TCP
692,1521470259,192.168.209.48,111.72.51.118,7,TCP
693,1521359946,192.168.11.194,110.242.254.166,20,DNS
694,1521089768,192.168.80.196,157.147.252.192,23,IGMP
695,1521485094,192.168.140.10,220.133.55.165,8,TCP
696,1521399211,192.168.220.147,218.251.31.128,21,DNS
697,1521106802,192.168.175.195,243.249.229.216,10,DNS
698,1521312616,192.168.64.15,146.215.137.154,9,TCP
699,1521401200,192.168.237.140,101.188.204.227,6,UDP
700,1521148664,192.168.53.39,127.158.183.193,11,IGMP
701,1521311936,192.168.43.152,42.192.71.238,8,UDP
702,1521568538,192.168.110.83,180.187.203.158,9,DNS
703,1521431973,192.168.28.242,110.73.245.192,10,TCP
704,1521520792,192.168.229.231,244.88.21.143,2,IGMP
705,1521118479,192.168.43.53,166.149.184.241,11,DNS
706,1521379783,192.168.248.32,179.91.132.121,17,UDP
707,1521278198,192.168.97.0,225.109.205.17,13,DNS
708,1521460950,192.168.12.192,115.39.234.236,14,DNS
709,1521123236,192.168.100.45,175.116.91.140,3,TCP
710,1521356281,192.168.239.241,63.196.195.232,17,IGMP
711,1521315398,192.168.170.60,90.110.38.56,14,IGMP
712,1521107713,192.168.217.67,139.146.139.243,9,UDP
713,1521253692,192.168.23.12,84.34.29.132,15,DNS
714,1521183335,192.168.115.246,134.141.17.78,23,TCP
715,1521207251,192.168.111.25,108.82.99.215,10,IGMP
716,1521374063,192.168.39.208,32.36.84.18,1,UDP
717,1521148116,192.168.175.186,52.250.140.197,23,DNS
718,1521319321,192.168.6.159,175.33.237.252,4,DNS
719,1521534470,192.168.202.74,195.169.79.60,12,IGMP
720,1521426888,192.168.85.252,124.226.18.168,20,UDP
721,1521390473,192.168.56.146,10.139.161.132,23,DNS
722,1521374197,192.168.171.196,73.154.183.150,13,TCP
723,1521546152,192.168.12.112,139.53.144.241,14,DNS
724,1521173219,192.168.70.172,98.190.196.47,5,TCP
725,1521224034,192.168.82.118,145.194.221.242,18,UDP
726,1521144928,192.168.64.126,77.130.103.120,12,IGMP
727,1521585687,192.168.136.84,151.109.193.133,5,DNS
728,1521581329,192.168.222.234,208.14.99.12,3,TCP
729,1521309626,192.168.48.89,175.163.44.103,15,UDP
730,1521055740,192.168.58.110,105.181.130.96,9,TCP
731,1521342331,192.168.77.10,114.159.208.192,3,UDP
732,1521300332,192.168.224.184,107.94.144.39,25,DNS
733,1521206936,192.168.90.22,160.254.5.124,24,DNS
734,1521420695,192.168.61.19,214.30.120.86,22,TCP
735,1521101928,192.168.30.52,142.141.99.72,4,TCP
736,1521504518,192.168.246.46,243.131.172.179,12,TCP
737,1521465551,192.168.213.192,201.140.67.150,24,UDP
738,1521583065,192.168.30.222,63.92.26.53,11,DNS
739,1521351079,192.168.212.80,39.3.39.39,20,IGMP
740,1521252991,192.168.68.209,113.80.47.101,22,DNS
741,1521497650,192.168.97.172,177.69.79.176,7,IGMP
742,1521290548,192.168.234.248,175.0.77.223,7,TCP
743,1521479908,192.168.59.231,78.32.235.156,24,DNS
744,1521592647,192.168.196.71,6.34.98.139,14,DNS
745,1521626662,192.168.119.193,195.145.240.115,15,UDP
746,1521367168,192.168.181.170,44.175.94.166,7,UDP
747,1521465711,192.168.247.241,111.146.139.24,2,UDP
748,1521588849,192.168.254.52,6.56.85.226,18,DNS
749,1521406456,192.168.154.2,48.100.164.12,8,DNS
750,1521589158,192.168.9.54,55.69.169.149,20,DNS
751,1521353632,192.168.238.200,179.127.80.74,24,IGMP
752,1521502017,192.168.184.238,21.58.169.55,21,DNS
753,1521574334,192.168.231.3,161.122.249.41,7,UDP
754,1521452325,192.168.11.169,241.237.3.84,16,UDP
755,1521205590,192.168.89.41,135.93.153.154,2,TCP
756,1521340150,192.168.211.229,211.243.201.126,12,IGMP
757,1521143705,192.168.136.181,142.151.12.4,19,IGMP
758,1521356366,192.168.20.117,142.108.72.126,21,TCP
759,1521546644,192.168.61.200,206.2.121.28,12,TCP
760,1521134886,192.168.232.177,27.216.82.70,12,DNS
761,1521606489,192.168.194.9,170.148.110.232,18,IGMP
762,1521278056,192.168.119.90,237.77.1.69,19,UDP
763,1521544303,192.168.39.240,244.218.87.203,6,UDP
764,1521389654,192.168.167.70,230.216.109.115,23,DNS
765,1521222423,192.168.144.47,128.144.153.57,5,UDP
766,1521218316,192.168.9.135,255.44.181.144,4,TCP
767,1521284731,192.168.239.240,233.15.76.81,3,DNS
768,1521525748,192.168.255.123,192.77.115.49,24,UDP
769,1521301027,192.168.46.248,3.129.160.133,3,UDP
770,1521555073,192.168.58.184,53.229.70.108,19,TCP
771,1521120782,192.168.18.183,217.190.2.245,8,IGMP
772,1521060969,192.168.19.91,36.68.105.177,5,TCP
773,1521482697,192.168.196.35,114.214.11.52,14,DNS
774,1521101069,192.168.33.155,193.213.4.222,11,IGMP
775,1521126181,192.168.144.87,21.90.213.111,8,TCP
776,1521207653,192.168.148.150,38.77.254.68,4,UDP
777,1521240867,192.168.44.146,107.117.228.111,9,TCP
778,1521484199,192.168.134.153,90.239.144.217,2,DNS
779,1521219781,192.168.75.142,221.127.76.98,9,UDP
780,1521260200,192.168.61.227,234.157.226.31,2,IGMP
781,1521588289,192.168.24.230,214.140.225.162,14,UDP
782,1521412216,192.168.144.12,111.31.242.140,10,TCP
783,1521279040,192.168.115.98,197.68.207.87,19,DNS
784,1521441631,192.168.54.54,111.0.106.207,11,UDP
785,1521101712,192.168.163.237,85.215.194.79,14,UDP
786,1521566571,192.168.3.80,170.88.79.167,8,TCP
787,1521587299,192.168.64.224,57.27.54.208,8,UDP
788,1521504613,192.168.152.180,122.100.169.82,17,UDP
789,1521220335,192.168.237.212,119.247.175.161,18,TCP
790,1521076096,192.168.50.65,250.143.9.186,22,TCP
791,1521231273,192.168.33.69,161.130.61.192,20,IGMP
792,1521233294,192.168.164.13,106.42.3.134,9,UDP
793,1521604476,192.168.247.117,26.72.89.63,8,IGMP
794,1521381240,192.168.180.41,49.114.98.180,22,UDP
795,1521525115,192.168.79.76,100.64.150.163,11,UDP
796,1521354588,192.168.224.227,76.141.160.73,6,UDP
797,1521244719,192.168.146.219,220.74.68.64,12,DNS
798,1521335735,192.168.93.74,197.35.56.26,14,TCP
799,1521503783,192.168.205.29,37.193.177.241,11,DNS
800,1521524019,192.168.123.218,70.127.148.78,11,TCP
801,1521429603,192.168.110.144,75.90.69.94,14,TCP
802,1521125468,192.168.124.100,33.138.238.10,8,UDP
803,1521145699,192.168.75.218,0.114.213.43,10,UDP
804,1521624163,192.168.155.231,150.64.247.96,1,IGMP
805,1521378301,192.168.101.162,84.235.255.154,20,IGMP
806,1521579766,192.168.218.48,56.190.32.24,3,TCP
807,1521230585,192.168.227.31,244.173.76.14,15,IGMP
808,1521415076,192.168.38.87,22.32.84.85,10,TCP
809,1521134802,192.168.111.40,113.201.251.221,24,TCP
810,1521555540,192.168.98.156,168.147.146.155,18,DNS
811,1521510804,192.168.76.187,164.154.149.167,4,IGMP
812,1521385037,192.168.168.222,157.216.78.200,7,UDP
813,1521599615,192.168.237.31,208.0.229.135,13,TCP
814,1521372992,192.168.148.34,163.226.234.149,25,UDP
815,1521556217,192.168.176.174,81.87.151.63,21,TCP
816,1521615953,192.168.233.143,242.64.141.237,8,UDP
817,1521455513,192.168.2.1,169.163.222.197,5,TCP
818,1521555120,192.168.238.96,108.60.128.76,11,IGMP
819,1521390356,192.168.238.134,206.102.197.98,22,IGMP
820,1521256149,192.168.249.81,35.204.122.152,9,DNS
821,1521232578,192.168.201.36,0.32.174.172,2,IGMP
822,1521517045,192.168.193.112,7.213.31.124,14,TCP
823,1521626943,192.168.215.46,185.86.45.63,25,IGMP
824,1521149552,192.168.24.179,61.108.55.149,6,UDP
825,1521321012,192.168.56.236,194.78.144.75,10,IGMP
826,1521129053,192.168.62.28,194.112.92.244,15,UDP
827,1521103274,192.168.44.220,225.185.57.124,8,TCP
828,1521489645,192.168.101.70,119.124.54.168,14,TCP
829,1521450201,192.168.103.35,103.40.18.171,11,TCP
830,1521342756,192.168.193.0,109.71.37.231,16,UDP
831,1521475058,192.168.150.83,137.220.170.217,15,UDP
832,1521221283,192.168.248.164,203.186.57.189,3,TCP
833,1521462500,192.168.7.58,151.132.244.241,5,DNS
834,1521545741,192.168.158.188,36.154.251.165,22,TCP
835,1521531419,192.168.120.36,195.153.71.224,2,IGMP
836,1521160840,192.168.163.200,206.162.136.244,7,DNS
837,1521049669,192.168.149.75,118.239.78.170,11,TCP
838,1521402657,192.168.19.118,11.49.186.223,1,IGMP
839,1521452989,192.168.108.94,38.121.206.59,7,TCP
840,1521080455,192.168.77.215,39.211.147.239,19,IGMP
841,1521557966,192.168.254.40,60.192.228.38,13,TCP
842,1521082591,192.168.92.49,246.74.247.161,14,DNS
843,1521519204,192.168.224.181,252.233.12.55,15,DNS
844,1521288033,192.168.140.113,26.227.157.93,18,DNS
845,1521613312,192.168.2.167,130.94.250.78,9,DNS
846,1521118289,192.168.79.235,214.171.169.164,8,IGMP
847,1521134260,192.168.111.221,76.156.69.186,24,UDP
848,1521521241,192.168.232.240,49.204.207.211,9,DNS
849,1521635455,192.168.97.218,46.67.185.222,19,DNS
850,1521628333,192.168.54.56,197.123.197.175,4,TCP
851,1521593757,192.168.58.124,231.44.7.56,16,IGMP
852,1521112884,192.168.254.35,191.74.99.207,3,DNS
853,1521515021,192.168.15.225,144.129.147.174,20,DNS
854,1521328057,192.168.238.43,230.63.219.207,19,IGMP
855,1521063265,192.168.42.70,126.83.0.200,2,UDP
856,1521422179,192.168.22.15,175.225.54.184,11,UDP
857,1521335225,192.168.1.50,53.255.179.27,7,DNS
858,1521046906,192.168.49.231,122.250.224.81,20,IGMP
859,1521185010,192.168.79.31,200.1.218.177,7,UDP
860,1521574279,192.168.235.71,231.97.35.163,7,IGMP
861,1521386346,192.168.205.67,80.35.192.175,19,DNS
862,1521079938,192.168.68.226,100.188.128.78,22,DNS
863,1521273099,192.168.145.191,14.37.104.89,25,UDP
864,1521248440,192.168.252.168,29.90.184.100,22,TCP
865,1521554843,192.168.250.101,149.190.107.21,5,UDP
866,1521428618,192.168.74.133,35.15.84.107,5,TCP
867,1521513794,192.168.103.32,252.217.45.18,17,DNS
868,1521239111,192.168.183.45,109.177.210.21,16,IGMP
869,1521048588,192.168.70.96,36.23.158.42,2,IGMP
870,1521582032,192.168.221.181,187.96.41.87,12,IGMP
871,1521115135,192.168.55.3,17.43.17.136,18,UDP
872,1521513267,192.168.70.38,104.14.16.209,22,DNS
873,1521383238,192.168.105.16,179.56.83.121,17,IGMP
874,1521498926,192.168.157.22,21.80.73.18,10,TCP
875,1521359330,192.168.17.32,172.250.31.174,8,IGMP
876,1521166685,192.168.10.248,103.180.239.24,24,DNS
877,1521414750,192.168.63.39,98.48.21.33,20,TCP
878,1521415858,192.168.42.136,91.215.123.62,13,TCP
879,1521360252,192.168.105.59,210.41.102.74,23,DNS
880,1521634429,192.168.177.52,231.21.44.4,23,UDP
881,1521316839,192.168.135.124,79.10.186.70,9,UDP
882,1521533692,192.168.45.141,158.17.109.162,6,UDP
883,1521251527,192.168.168.46,82.22.18.45,6,UDP
884,1521450452,192.168.225.253,210.99.109.25,14,DNS
885,1521384804,192.168.217.101,82.207.166.145,18,UDP
886,1521302513,192.168.88.235,198.71.106.250,22,DNS
887,1521335494,192.168.71.136,38.148.118.241,18,IGMP
888,1521570672,192.168.249.104,152.131.68.33,12,UDP
889,1521202860,192.168.26.38,69.243.161.124,25,DNS
890,1521356078,192.168.188.131,238.227.109.69,17,TCP
891,1521589050,192.168.153.5,26.155.34.242,22,DNS
892,1521379660,192.168.188.81,10.133.116.60,23,DNS
893,1521463738,192.168.40.17,64.186.96.133,1,TCP
894,1521630113,192.168.175.91,119.196.199.232,8,UDP
895,1521320649,192.168.214.42,134.36.174.59,6,DNS
896,1521043814,192.168.47.52,59.21.160.105,24,UDP
897,1521067363,192.168.69.67,229.77.10.79,14,DNS
898,1521046362,192.168.165.192,223.48.134.166,10,DNS
899,1521123176,192.168.77.162,177.148.221.123,18,TCP
900,1521440148,192.168.9.134,191.16.52.18,15,UDP
901,1521258964,192.168.132.196,64.100.235.30,24,IGMP
902,1521515323,192.168.148.161,187.157.55.119,25,UDP
903,1521475835,192.168.200.139,76.91.167.186,20,UDP
904,1521400063,192.168.228.115,25.82.80.129,8,TCP
905,1521066103,192.168.63.213,213.43.151.65,9,DNS
906,1521266017,192.168.80.234,208.131.111.116,18,DNS
907,1521340263,192.168.57.106,24.60.239.182,23,IGMP
908,1521594915,192.168.231.178,4.146.192.205,17,IGMP
909,1521105977,192.168.67.165,252.173.197.188,1,DNS
910,1521484839,192.168.76.139,22.87.75.88,4,TCP
911,1521415706,192.168.114.243,165.234.160.178,4,IGMP
912,1521048942,192.168.197.106,89.236.67.253,4,TCP
913,1521167714,192.168.156.175,161.87.198.152,9,TCP
914,1521073868,192.168.110.37,81.208.149.201,6,IGMP
915,1521392385,192.168.188.112,228.20.150.241,17,DNS
916,1521472643,192.168.218.187,63.117.130.190,24,UDP
917,1521507246,192.168.163.125,21.108.133.132,19,UDP
918,1521514421,192.168.221.44,158.192.126.77,18,DNS
919,1521260592,192.168.203.57,69.44.84.175,10,UDP
920,1521347909,192.168.188.7,237.79.220.113,7,TCP
921,1521519768,192.168.196.248,72.65.145.231,16,UDP
922,1521593260,192.168.122.227,156.162.184.120,19,TCP
923,1521640053,192.168.125.205,61.152.66.225,18,DNS
924,1521511734,192.168.141.56,78.153.229.221,25,UDP
925,1521288798,192.168.185.50,235.42.66.199,19,UDP
926,1521351962,192.168.1.200,61.36.161.177,19,DNS
927,1521396240,192.168.71.26,67.204.5.3,9,IGMP
928,1521452426,192.168.127.255,51.102.103.122,21,UDP
929,1521512894,192.168.100.55,112.106.234.124,21,UDP
930,1521536958,192.168.233.234,233.177.115.252,12,UDP
931,1521560183,192.168.41.126,57.122.229.170,1,TCP
932,1521337135,192.168.120.16,157.233.123.139,19,IGMP
933,1521049603,192.168.113.145,78.143.35.97,8,IGMP
934,1521600135,192.168.88.180,252.71.233.46,5,TCP
935,1521213096,192.168.202.144,182.222.5.181,12,UDP
936,1521111181,192.168.80.171,88.239.121.21,8,TCP
937,1521312280,192.168.3.12,88.113.59.61,20,UDP
938,1521086337,192.168.239.182,136.207.163.87,13,UDP
939,1521127036,192.168.219.137,85.82.33.92,2,UDP
940,1521041822,192.168.199.138,35.54.221.140,25,TCP
941,1521071417,192.168.91.69,220.243.93.241,9,TCP
942,1521547609,192.168.185.135,90.104.110.186,21,DNS
943,1521520805,192.168.29.34,230.158.94.9,21,DNS
944,1521333817,192.168.83.49,7.100.65.177,12,UDP
945,1521365248,192.168.193.137,16.10.168.38,23,IGMP
946,1521424633,192.168.4.215,237.213.82.50,24,TCP
947,1521317446,192.168.9.243,136.70.99.54,9,IGMP
948,1521460000,192.168.16.191,51.34.161.222,14,IGMP
949,1521633855,192.168.79.92,97.2.35.248,23,DNS
950,1521568477,192.168.47.112,43.202.53.159,15,DNS
951,1521523262,192.168.205.153,94.147.208.107,8,UDP
952,1521295686,192.168.199.40,247.45.64.163,18,DNS
953,1521186206,192.168.147.4,79.211.77.78,22,UDP
954,1521316909,192.168.197.41,27.176.151.94,8,UDP
955,1521505911,192.168.57.74,39.213.137.23,9,IGMP
956,1521629292,192.168.187.159,223.119.51.223,12,IGMP
957,1521335422,192.168.26.62,37.196.251.171,24,IGMP
958,1521046509,192.168.140.170,0.105.93.6,11,UDP
959,1521052351,192.168.9.173,242.210.18.16,9,IGMP
960,1521312383,192.168.243.59,45.250.45.34,2,UDP
961,1521535759,192.168.36.135,188.101.98.4,25,UDP
962,1521052543,192.168.73.142,223.174.41.59,1,UDP
963,1521250746,192.168.100.214,90.245.176.1,8,IGMP
964,1521378478,192.168.184.193,251.36.205.205,7,UDP
965,1521272949,192.168.49.5,43.226.114.174,20,IGMP
966,1521259365,192.168.167.124,195.59.65.50,9,DNS
967,1521233514,192.168.56.196,42.191.118.4,20,UDP
968,1521461684,192.168.28.149,121.69.43.24,21,TCP
969,1521586870,192.168.238.208,75.163.218.182,25,UDP
970,1521433870,192.168.111.182,136.124.210.155,1,UDP
971,1521172216,192.168.160.203,120.179.100.108,16,UDP
972,1521264331,192.168.50.175,23.123.192.236,4,UDP
973,1521575997,192.168.51.170,254.205.197.63,15,UDP
974,1521477023,192.168.157.219,143.186.232.202,1,UDP
975,1521559442,192.168.231.243,167.136.153.110,2,IGMP
976,1521154613,192.168.12.37,50.22.57.224,6,TCP
977,1521633983,192.168.174.113,27.144.205.114,9,IGMP
978,1521594612,192.168.176.98,74.232.191.185,1,DNS
979,1521222211,192.168.21.75,137.226.64.67,5,TCP
980,1521151045,192.168.136.141,239.48.11.4,22,UDP
981,1521564635,192.168.221.252,209.226.87.50,9,TCP
982,1521286678,192.168.136.66,137.102.115.200,6,DNS
983,1521382895,192.168.180.3,42.149.42.51,4,UDP
984,1521384539,192.168.52.135,102.98.168.3,6,UDP
985,1521242195,192.168.19.161,80.153.84.133,13,UDP
986,1521125772,192.168.243.205,54.229.202.68,21,TCP
987,1521402323,192.168.189.226,225.30.227.199,16,TCP
988,1521150678,192.168.79.224,119.57.58.115,7,DNS
989,1521643394,192.168.174.224,29.161.14.91,7,IGMP
990,1521333282,192.168.131.25,137.48.141.45,17,IGMP
991,1521180710,192.168.114.69,227.82.22.62,24,DNS
992,1521547639,192.168.49.117,137.94.89.234,1,DNS
993,1521477999,192.168.231.246,110.226.184.225,1,IGMP
994,1521254499,192.168.154.61,36.137.252.57,12,DNS
995,1521197070,192.168.65.218,123.207.240.209,14,UDP
996,1521164916,192.168.196.217,85.209.40.52,25,UDP
997,1521256394,192.168.55.245,39.167.241.109,1,IGMP
998,1521052062,192.168.18.122,143.237.65.27,21,UDP
999,1521474881,192.168.85.63,250.101.159.166,16,IGMP